DROP TABLE IF EXISTS `favorite`;
CREATE TABLE `favorite` (
  `id_favorite` int NOT NULL AUTO_INCREMENT,
  `user_id` int DEFAULT NULL,
  `barcode_id` bigint DEFAULT NULL,
  `tanggal_disimpan` date DEFAULT NULL,
  PRIMARY KEY (`id_favorite`),
  KEY `user_id` (`user_id`),
  KEY `barcode_id` (`barcode_id`),
  CONSTRAINT `favorite_ibfk_1` FOREIGN KEY (`user_id`) REFERENCES `user` (`user_id`) ON DELETE CASCADE,
  CONSTRAINT `favorite_ibfk_2` FOREIGN KEY (`barcode_id`) REFERENCES `produk` (`barcode_id`) ON DELETE CASCADE
) ENGINE=InnoDB DEFAULT CHARSET=utf8mb4 COLLATE=utf8mb4_0900_ai_ci;

DROP TABLE IF EXISTS `gambar_produk`;
CREATE TABLE `gambar_produk` (
  `id_gambar` int NOT NULL AUTO_INCREMENT,
  `barcode_id` bigint DEFAULT NULL,
  `jenis_gambar` varchar(50) DEFAULT NULL,
  `link_gambar` varchar(255) DEFAULT NULL,
  PRIMARY KEY (`id_gambar`),
  KEY `barcode_id` (`barcode_id`),
  CONSTRAINT `gambar_produk_ibfk_1` FOREIGN KEY (`barcode_id`) REFERENCES `produk` (`barcode_id`) ON DELETE CASCADE
) ENGINE=InnoDB AUTO_INCREMENT=55 DEFAULT CHARSET=utf8mb4 COLLATE=utf8mb4_0900_ai_ci;

INSERT INTO `gambar_produk` VALUES (1, 8996001313695, 'produk', 'https://drive.google.com/file/d/1Dx-hXT91ghuvz4xrSoCGjwOOwIJ8CY0h/view?usp=drive_link'),
(2, 8886001026025, 'produk', 'https://drive.google.com/file/d/1sv6fR4YTB2RoGJVzRRlgO8e3rxcGmpBN/view?usp=sharing'),
(3, 8996001317020, 'produk', 'https://drive.google.com/file/d/1DwkgQJTCHBY5WZsyKczP-yPlRTp_6frX/view?usp=drive_link'),
(4, 8991001780430, 'produk', 'https://drive.google.com/file/d/1EAYv-K7cV0xpk7UyAUVeDRYDHNYKj9qY/view?usp=drive_link'),
(5, 8991001100239, 'produk', 'https://drive.google.com/file/d/1Dv8o0iK3vV0i8Jv4zW-6Xg-H6S7X3p-D/view?usp=drive_link'),
(6, 8991001100215, 'produk', 'https://drive.google.com/file/d/1Dq5FjV6S-F-j1M4K-K-M-2o4q-Q-P-w/view?usp=drive_link'),
(7, 8991001100222, 'produk', 'https://drive.google.com/file/d/1Dq5FjV6S-F-j1M4K-K-M-2o4q-Q-P-w/view?usp=drive_link'),
(8, 8991001100055, 'produk', 'https://drive.google.com/file/d/1E1A3J-k-B-6A-k-j-K-K-M-2o4q-Q-P-w/view?usp=drive_link'),
(9, 8996001308363, 'produk', 'https://drive.google.com/file/d/1CY-6tB9g-B-A-k-j-K-K-M-2o4q-Q-P-w/view?usp=drive_link'),
(10, 8996001309322, 'produk', 'https://drive.google.com/file/d/1CY-6tB9g-B-A-k-j-K-K-M-2o4q-Q-P-w/view?usp=drive_link'),
(11, 8996001307779, 'produk', 'https://drive.google.com/file/d/1CY-6tB9g-B-A-k-j-K-K-M-2o4q-Q-P-w/view?usp=drive_link'),
(12, 8996001307045, 'produk', 'https://drive.google.com/file/d/1CW-C-6tB9g-B-A-k-j-K-K-M-2o4q-Q-P-w/view?usp=drive_link'),
(13, 8996001303863, 'produk', 'https://drive.google.com/file/d/1By-C-6tB9g-B-A-k-j-K-K-M-2o4q-Q-P-w/view?usp=drive_link'),
(14, 8996001304228, 'produk', 'https://drive.google.com/file/d/1By-C-6tB9g-B-A-k-j-K-K-M-2o4q-Q-P-w/view?usp=drive_link'),
(15, 8996001303726, 'produk', 'https://drive.google.com/file/d/1By-C-6tB9g-B-A-k-j-K-K-M-2o4q-Q-P-w/view?usp=drive_link'),
(16, 8996001303733, 'produk', 'https://drive.google.com/file/d/1By-C-6tB9g-B-A-k-j-K-K-M-2o4q-Q-P-w/view?usp=drive_link'),
(17, 8996001300268, 'produk', 'https://drive.google.com/file/d/1Au-C-6tB9g-B-A-k-j-K-K-M-2o4q-Q-P-w/view?usp=drive_link'),
(18, 8996001300275, 'produk', 'https://drive.google.com/file/d/1Au-C-6tB9g-B-A-k-j-K-K-M-2o4q-Q-P-w/view?usp=drive_link'),
(19, 8996001300282, 'produk', 'https://drive.google.com/file/d/1Au-C-6tB9g-B-A-k-j-K-K-M-2o4q-Q-P-w/view?usp=drive_link'),
(20, 8996001300299, 'produk', 'https://drive.google.com/file/d/1Au-C-6tB9g-B-A-k-j-K-K-M-2o4q-Q-P-w/view?usp=drive_link'),
(21, 8996001300305, 'produk', 'https://drive.google.com/file/d/1Au-C-6tB9g-B-A-k-j-K-K-M-2o4q-Q-P-w/view?usp=drive_link'),
(22, 8996001303870, 'produk', 'https://drive.google.com/file/d/1AR-C-6tB9g-B-A-k-j-K-K-M-2o4q-Q-P-w/view?usp=drive_link'),
(23, 8996001303887, 'produk', 'https://drive.google.com/file/d/1AR-C-6tB9g-B-A-k-j-K-K-M-2o4q-Q-P-w/view?usp=drive_link'),
(24, 8996001304211, 'produk', 'https://drive.google.com/file/d/19R-C-6tB9g-B-A-k-j-K-K-M-2o4q-Q-P-w/view?usp=drive_link'),
(25, 8996001304235, 'produk', 'https://drive.google.com/file/d/19R-C-6tB9g-B-A-k-j-K-K-M-2o4q-Q-P-w/view?usp=drive_link'),
(26, 8996001304242, 'produk', 'https://drive.google.com/file/d/19R-C-6tB9g-B-A-k-j-K-K-M-2o4q-Q-P-w/view?usp=drive_link'),
(27, 8996001304259, 'produk', 'https://drive.google.com/file/d/19R-C-6tB9g-B-A-k-j-K-K-M-2o4q-Q-P-w/view?usp=drive_link'),
(28, 8996001304266, 'produk', 'https://drive.google.com/file/d/19R-C-6tB9g-B-A-k-j-K-K-M-2o4q-Q-P-w/view?usp=drive_link'),
(29, 8996001304273, 'produk', 'https://drive.google.com/file/d/19R-C-6tB9g-B-A-k-j-K-K-M-2o4q-Q-P-w/view?usp=drive_link'),
(30, 8996001313695, 'produk', 'https://drive.google.com/file/d/1Dx-hXT91ghuvz4xrSoCGjwOOwIJ8CY0h/view?usp=drive_link'),
(31, 8886001026025, 'produk', 'https://drive.google.com/file/d/1sv6fR4YTB2RoGJVzRRlgO8e3rxcGmpBN/view?usp=sharing'),
(32, 8996001317020, 'produk', 'https://drive.google.com/file/d/1DwkgQJTCHBY5WZsyKczP-yPlRTp_6frX/view?usp=drive_link'),
(33, 8991001780430, 'produk', 'https://drive.google.com/file/d/1EAYv-K7cV0xpk7UyAUVeDRYDHNYKj9qY/view?usp=drive_link'),
(34, 89686590043, 'produk', 'https://drive.google.com/file/d/1BFKrNm4__ksinmCk16zh6xns2Uty5m_o/view?usp=sharing'),
(35, 89686591019, 'produk', 'https://drive.google.com/file/d/1sfo4IaKXcYDNrK_qNAdroSTVF6_ZWHZR/view?usp=sharing'),
(36, 89686598018, 'produk', 'https://drive.google.com/file/d/1EnrbVJDIoK4lnYU2OVWTQ_N2F4aYy4TQ/view?usp=drive_link'),
(37, 8996001601051, 'produk', 'https://drive.google.com/file/d/1ElTfDKUrXKEOZaEGknI5KwwfLcDhX2Nj/view?usp=drive_link'),
(38, 8997221581055, 'produk', 'https://drive.google.com/file/d/1Eol_8hWxvyJM_iXpBuvegJ70OlfVFYGw/view?usp=drive_link'),
(39, 8992753018796, 'produk', 'https://drive.google.com/file/d/1EaztVe0OYYBjrWR77lpJ80wNSb0MmPYh/view?usp=drive_link'),
(40, 8998866202978, 'produk', 'https://drive.google.com/file/d/1EH5EGLRrPY3awwry-hVhRlJlL9JpcDsL/view?usp=drive_link'),
(41, 8993027133207, 'produk', 'https://drive.google.com/file/d/1Da-cBjvozTV1WWE566r-0GckRsn8-3tg/view?usp=drive_link'),
(42, 8994504102327, 'produk', 'https://drive.google.com/file/d/1E09prJhImGNtSqgEQDAWPduj8U1L5okH/view?usp=drive_link'),
(43, 89686043130, 'produk', 'https://drive.google.com/file/d/1Dwwa1n_lI4k6O6iVz-q7aG_7M-g-j-Z/view?usp=drive_link'),
(44, 89686010033, 'produk', 'https://drive.google.com/file/d/1Dwwa1n_lI4k6O6iVz-q7aG_7M-g-j-Z/view?usp=drive_link'),
(45, 89686011016, 'produk', 'https://drive.google.com/file/d/1Dwwa1n_lI4k6O6iVz-q7aG_7M-g-j-Z/view?usp=drive_link'),
(46, 89686011023, 'produk', 'https://drive.google.com/file/d/1Dwwa1n_lI4k6O6iVz-q7aG_7M-g-j-Z/view?usp=drive_link'),
(47, 89686011047, 'produk', 'https://drive.google.com/file/d/1Dwwa1n_lI4k6O6iVz-q7aG_7M-g-j-Z/view?usp=drive_link'),
(48, 8850127002013, 'produk', 'https://drive.google.com/file/d/1DqT8x-b8b-e8O-g-c-c-i-A-c-B-c/view?usp=drive_link'),
(49, 7622210355462, 'produk', 'https://drive.google.com/file/d/1DgzZqV6oM0R1b7e_R3o-q_g6P_w-Z-A/view?usp=drive_link'),
(50, 7622210431357, 'produk', 'https://drive.google.com/file/d/1DgzZqV6oM0R1b7e_R3o-q_g6P_w-Z-A/view?usp=drive_link'),
(51, 7622210431371, 'produk', 'https://drive.google.com/file/d/1DgzZqV6oM0R1b7e_R3o-q_g6P_w-Z-A/view?usp=drive_link'),
(52, 8992966111162, 'produk', 'https://drive.google.com/file/d/1Bw-G-q-B-6A-k-j-K-K-M-2o4q-Q-P-w/view?usp=drive_link'),
(53, 8992966111070, 'produk', 'https://drive.google.com/file/d/1Bw-G-q-B-6A-k-j-K-K-M-2o4q-Q-P-w/view?usp=drive_link'),
(54, 89686621034, 'produk', 'https://drive.google.com/file/d/1Bs-G-q-B-6A-k-j-K-K-M-2o4q-Q-P-w/view?usp=drive_link');

DROP TABLE IF EXISTS `kategori`;
CREATE TABLE `kategori` (
  `id_kategori` int NOT NULL AUTO_INCREMENT,
  `nama_kategori` varchar(100) NOT NULL,
  `deskripsi_kategori` text,
  `tanggal_dibuat` date DEFAULT NULL,
  PRIMARY KEY (`id_kategori`)
) ENGINE=InnoDB AUTO_INCREMENT=2 DEFAULT CHARSET=utf8mb4 COLLATE=utf8mb4_0900_ai_ci;

INSERT INTO `kategori` VALUES (1, 'Umum', 'Kategori default untuk data impor', '2025-11-05 00:00:00.000');

DROP TABLE IF EXISTS `komposisi_gizi`;
CREATE TABLE `komposisi_gizi` (
  `id_gizi` int NOT NULL AUTO_INCREMENT,
  `barcode_id` bigint NOT NULL,
  `total_calories` decimal(10,2) DEFAULT NULL,
  `total_fat` decimal(10,2) DEFAULT NULL,
  `saturated_fat` decimal(10,2) DEFAULT NULL,
  `total_sugar` decimal(10,2) DEFAULT NULL,
  `protein` decimal(10,2) DEFAULT NULL,
  `akg_protein` decimal(10,2) DEFAULT NULL,
  `total_carbohydrates` decimal(10,2) DEFAULT NULL,
  `akg_carbohydrates` decimal(10,2) DEFAULT NULL,
  `akg_saturated_fat` decimal(10,2) DEFAULT NULL,
  `dasar_data` varchar(255) DEFAULT NULL,
  PRIMARY KEY (`id_gizi`),
  UNIQUE KEY `barcode_id` (`barcode_id`),
  CONSTRAINT `komposisi_gizi_ibfk_1` FOREIGN KEY (`barcode_id`) REFERENCES `produk` (`barcode_id`) ON DELETE CASCADE
) ENGINE=InnoDB AUTO_INCREMENT=157 DEFAULT CHARSET=utf8mb4 COLLATE=utf8mb4_0900_ai_ci;

INSERT INTO `komposisi_gizi` VALUES (1, 8996001313695, '200.00', '7.50', '0.00', '2.50', '0.00', '0.00', '0.00', '0.00', '0.00', NULL),
(2, 8886001026025, '720.00', '30.00', '12.00', '60.00', '12.00', '18.00', '108.00', '30.00', '60.00', NULL),
(3, 8996001355756, NULL, NULL, NULL, NULL, NULL, NULL, NULL, NULL, NULL, NULL),
(4, 8996001317020, '140.00', '7.00', '4.00', '9.00', '2.00', '3.00', '18.00', '5.00', '21.00', NULL),
(5, 8991001780430, '750.00', '30.00', '20.00', '10.00', '10.00', '15.00', '105.00', '30.00', '105.00', NULL),
(6, 8991001100345, NULL, NULL, NULL, NULL, NULL, NULL, NULL, NULL, NULL, NULL),
(7, 8991001100239, '100.00', '3.00', '1.50', '9.00', '1.00', '2.00', '17.00', '5.00', '8.00', NULL),
(8, 8991001100215, '100.00', '3.50', '2.00', '7.00', '2.00', '3.00', '16.00', '5.00', '10.00', NULL),
(9, 8991001100222, '100.00', '3.50', '2.00', '8.00', '1.00', '2.00', '16.00', '5.00', '9.00', NULL),
(10, 8991001100055, '100.00', '3.00', '1.50', '9.00', '1.00', '2.00', '17.00', '5.00', '8.00', NULL),
(11, 8991001780447, '750.00', '30.00', '20.00', '10.00', '10.00', '15.00', '105.00', '30.00', '105.00', NULL),
(12, 8996001308363, '10.00', '1.00', '0.00', '2.00', '0.00', '0.00', '2.00', '1.00', '0.00', NULL),
(13, 8996001309322, '10.00', '1.00', '0.00', '2.00', '0.00', '0.00', '2.00', '1.00', '0.00', NULL),
(14, 8996001307779, '10.00', '1.00', '0.00', '2.00', '0.00', '0.00', '2.00', '1.00', '0.00', NULL),
(15, 8996001308370, '50.00', '5.00', '0.00', '10.00', '0.00', '0.00', '10.00', '5.00', '0.00', NULL),
(16, 8996001307045, NULL, NULL, NULL, NULL, NULL, NULL, NULL, NULL, NULL, NULL),
(17, 8996001303863, '2160.00', '108.00', '54.00', '72.00', '27.00', '41.00', '270.00', '77.00', '270.00', NULL),
(18, 8996001304228, '450.00', '22.50', '11.20', '15.00', '5.60', '8.00', '56.20', '16.00', '56.00', NULL),
(19, 8996001303726, '450.00', '22.50', '11.20', '15.00', '5.60', '8.00', '56.20', '16.00', '56.00', NULL),
(20, 8996001303733, '450.00', '22.50', '11.20', '15.00', '5.60', '8.00', '56.20', '16.00', '56.00', NULL),
(21, 8996001305416, '900.00', '45.00', '22.50', '30.00', '11.20', '17.00', '112.50', '32.00', '112.00', NULL),
(22, 8996001303818, '315.00', '15.80', '7.90', '10.50', '3.90', '6.00', '39.40', '11.00', '39.00', NULL),
(23, 8996001300268, '130.00', '3.50', '1.50', '10.00', '1.00', '2.00', '23.00', '7.00', '8.00', NULL),
(24, 8996001300275, '130.00', '3.00', '1.50', '10.00', '1.00', '2.00', '24.00', '7.00', '8.00', NULL),
(25, 8996001300282, '130.00', '3.50', '1.50', '10.00', '1.00', '2.00', '23.00', '7.00', '8.00', NULL),
(26, 8996001300299, '130.00', '3.50', '1.50', '10.00', '1.00', '2.00', '23.00', '7.00', '8.00', NULL),
(27, 8996001300305, '130.00', '3.50', '1.50', '10.00', '1.00', '2.00', '23.00', '7.00', '8.00', NULL),
(28, 8996001300794, '120.00', '2.00', '1.00', '8.00', '2.00', '3.00', '23.00', '7.00', '5.00', NULL),
(29, 8996001301012, '120.00', '3.00', '1.50', '10.00', '2.00', '3.00', '21.00', '6.00', '8.00', NULL),
(30, 8996001301036, '130.00', '3.50', '1.50', '10.00', '1.00', '2.00', '23.00', '7.00', '8.00', NULL),
(31, 8996001300251, '130.00', '3.50', '1.50', '10.00', '1.00', '2.00', '23.00', '7.00', '8.00', NULL),
(32, 8996001300312, '130.00', '3.50', '1.50', '10.00', '1.00', '2.00', '23.00', '7.00', '8.00', NULL),
(33, 8996001300329, '130.00', '3.50', '1.50', '10.00', '1.00', '2.00', '23.00', '7.00', '8.00', NULL),
(34, 8996001300336, '130.00', '3.50', '1.50', '10.00', '1.00', '2.00', '23.00', '7.00', '8.00', NULL),
(35, 8996001300343, '130.00', '3.50', '1.50', '10.00', '1.00', '2.00', '23.00', '7.00', '8.00', NULL),
(36, 8996001300800, '120.00', '2.00', '1.00', '8.00', '2.00', '3.00', '23.00', '7.00', '5.00', NULL),
(37, 8996001300817, '120.00', '2.00', '1.00', '8.00', '2.00', '3.00', '23.00', '7.00', '5.00', NULL),
(38, 8996001301043, '1200.00', '30.00', '15.00', '100.00', '20.00', '30.00', '210.00', '60.00', '80.00', NULL),
(39, 8996001301050, '600.00', '15.00', '7.50', '50.00', '10.00', '15.00', '105.00', '30.00', '40.00', NULL),
(40, 8996001301067, '1300.00', '35.00', '15.00', '100.00', '10.00', '20.00', '230.00', '70.00', '80.00', NULL),
(41, 8996001301074, '650.00', '17.50', '7.50', '50.00', '5.00', '10.00', '115.00', '35.00', '40.00', NULL),
(42, 8996001301081, '1300.00', '30.00', '15.00', '100.00', '10.00', '20.00', '240.00', '70.00', '80.00', NULL),
(43, 8996001301098, '650.00', '15.00', '7.50', '50.00', '5.00', '10.00', '120.00', '35.00', '40.00', NULL),
(44, 8996001301104, '1300.00', '35.00', '15.00', '100.00', '10.00', '20.00', '230.00', '70.00', '80.00', NULL),
(45, 8996001301111, '650.00', '17.50', '7.50', '50.00', '5.00', '10.00', '115.00', '35.00', '40.00', NULL),
(46, 8996001301128, '1300.00', '35.00', '15.00', '100.00', '10.00', '20.00', '230.00', '70.00', '80.00', NULL),
(47, 8996001301135, '650.00', '17.50', '7.50', '50.00', '5.00', '10.00', '115.00', '35.00', '40.00', NULL),
(48, 8996001301142, '1300.00', '35.00', '15.00', '100.00', '10.00', '20.00', '230.00', '70.00', '80.00', NULL),
(49, 8996001301159, '650.00', '17.50', '7.50', '50.00', '5.00', '10.00', '115.00', '35.00', '40.00', NULL),
(50, 8996001301166, '1300.00', '35.00', '15.00', '100.00', '10.00', '20.00', '230.00', '70.00', '80.00', NULL),
(51, 8996001301173, '650.00', '17.50', '7.50', '50.00', '5.00', '10.00', '115.00', '35.00', '40.00', NULL),
(52, 8996001301180, '1300.00', '35.00', '15.00', '100.00', '10.00', '20.00', '230.00', '70.00', '80.00', NULL),
(53, 8996001301197, '650.00', '17.50', '7.50', '50.00', '5.00', '10.00', '115.00', '35.00', '40.00', NULL),
(54, 8996001301203, '1200.00', '20.00', '10.00', '80.00', '20.00', '30.00', '230.00', '70.00', '50.00', NULL),
(55, 8996001301210, '600.00', '10.00', '5.00', '40.00', '10.00', '15.00', '115.00', '35.00', '25.00', NULL),
(56, 8996001301227, '1200.00', '20.00', '10.00', '80.00', '20.00', '30.00', '230.00', '70.00', '50.00', NULL),
(57, 8996001301234, '600.00', '10.00', '5.00', '40.00', '10.00', '15.00', '115.00', '35.00', '25.00', NULL),
(58, 8996001301241, '1200.00', '20.00', '10.00', '80.00', '20.00', '30.00', '230.00', '70.00', '50.00', NULL),
(59, 8996001301258, '600.00', '10.00', '5.00', '40.00', '10.00', '15.00', '115.00', '35.00', '25.00', NULL),
(60, 8996001301265, '1300.00', '35.00', '15.00', '100.00', '10.00', '20.00', '230.00', '70.00', '80.00', NULL),
(61, 8996001301272, '650.00', '17.50', '7.50', '50.00', '5.00', '10.00', '115.00', '35.00', '40.00', NULL),
(62, 8996001301289, '1300.00', '35.00', '15.00', '100.00', '10.00', '20.00', '230.00', '70.00', '80.00', NULL),
(63, 8996001301296, '650.00', '17.50', '7.50', '50.00', '5.00', '10.00', '115.00', '35.00', '40.00', NULL),
(64, 8996001301302, '1300.00', '35.00', '15.00', '100.00', '10.00', '20.00', '230.00', '70.00', '80.00', NULL),
(65, 8996001301319, '650.00', '17.50', '7.50', '50.00', '5.00', '10.00', '115.00', '35.00', '40.00', NULL),
(66, 8996001301326, '1300.00', '35.00', '15.00', '100.00', '10.00', '20.00', '230.00', '70.00', '80.00', NULL),
(67, 8996001301333, '650.00', '17.50', '7.50', '50.00', '5.00', '10.00', '115.00', '35.00', '40.00', NULL),
(68, 8996001303870, '660.00', '15.00', '12.00', '90.00', '3.00', '5.00', '129.00', '37.00', '60.00', NULL),
(69, 8996001303887, '660.00', '15.00', '12.00', '90.00', '3.00', '5.00', '129.00', '37.00', '60.00', NULL),
(70, 8996001303894, '105.60', '2.40', '1.90', '14.40', '0.50', '1.00', '20.60', '6.00', '10.00', NULL),
(71, 8996001303900, '105.60', '2.40', '1.90', '14.40', '0.50', '1.00', '20.60', '6.00', '10.00', NULL),
(72, 8996001303917, '660.00', '15.00', '12.00', '90.00', '3.00', '5.00', '129.00', '37.00', '60.00', NULL),
(73, 8996001303924, '660.00', '15.00', '12.00', '90.00', '3.00', '5.00', '129.00', '37.00', '60.00', NULL),
(74, 8996001304211, '630.00', '27.00', '13.50', '9.00', '9.00', '14.00', '90.00', '26.00', '68.00', NULL),
(75, 8996001304235, '630.00', '27.00', '13.50', '9.00', '9.00', '14.00', '90.00', '26.00', '68.00', NULL),
(76, 8996001304242, '630.00', '27.00', '13.50', '9.00', '9.00', '14.00', '90.00', '26.00', '68.00', NULL),
(77, 8996001304259, '630.00', '27.00', '13.50', '9.00', '9.00', '14.00', '90.00', '26.00', '68.00', NULL),
(78, 8996001304266, '630.00', '27.00', '13.50', '9.00', '9.00', '14.00', '90.00', '26.00', '68.00', NULL),
(79, 8996001304273, '630.00', '27.00', '13.50', '9.00', '9.00', '14.00', '90.00', '26.00', '68.00', NULL),
(80, 8996001304280, '630.00', '27.00', '13.50', '9.00', '9.00', '14.00', '90.00', '26.00', '68.00', NULL),
(81, 8996001304297, '126.00', '5.40', '2.70', '1.80', '1.80', '3.00', '18.00', '5.00', '14.00', NULL),
(82, 8996001304303, '126.00', '5.40', '2.70', '1.80', '1.80', '3.00', '18.00', '5.00', '14.00', NULL),
(83, 8996001304310, '126.00', '5.40', '2.70', '1.80', '1.80', '3.00', '18.00', '5.00', '14.00', NULL),
(84, 8996001304327, '126.00', '5.40', '2.70', '1.80', '1.80', '3.00', '18.00', '5.00', '14.00', NULL),
(85, 8996001304334, '126.00', '5.40', '2.70', '1.80', '1.80', '3.00', '18.00', '5.00', '14.00', NULL),
(86, 8996001304341, '126.00', '5.40', '2.70', '1.80', '1.80', '3.00', '18.00', '5.00', '14.00', NULL),
(92, 8998009020193, '100.00', '0.00', '0.00', '20.00', '0.00', '0.00', '25.00', '8.00', '0.00', NULL),
(93, 89686590043, '275.00', '16.50', '5.50', '5.50', '5.50', '5.50', '33.00', '11.00', '33.00', NULL),
(94, 89686591019, '250.00', '12.50', '5.00', '10.00', '5.00', '5.00', '35.00', '10.00', '30.00', NULL),
(95, 89686732009, '80.00', '4.50', '2.00', '1.00', '1.00', '2.00', '8.00', '2.00', '10.00', NULL),
(96, 89686598018, '80.00', '4.50', '2.00', '0.00', '1.00', '2.00', '8.00', '3.00', '10.00', NULL),
(97, 8998694120208, '330.00', '15.00', '7.50', '18.00', '3.00', '6.00', '42.00', '12.00', '42.00', NULL),
(98, 8992775005897, '80.00', '4.00', '2.00', '5.00', '1.00', '1.00', '10.00', '3.00', '11.00', NULL),
(99, 8993200668335, '120.00', '3.60', '2.40', '14.40', '4.80', NULL, '20.40', NULL, NULL, NULL),
(100, 8993200661657, '200.00', '3.50', '2.00', '25.00', '3.50', '7.00', '37.00', '11.00', '9.00', NULL),
(101, 8993200664993, '190.00', '2.50', '1.00', '25.00', '4.00', '7.00', '39.00', '12.00', '5.00', NULL),
(102, 8993200665013, '190.00', '2.50', '1.00', '25.00', '4.00', '7.00', '39.00', '12.00', '5.00', NULL),
(103, 8993200665006, '190.00', '2.50', '1.00', '25.00', '4.00', '7.00', '39.00', '12.00', '5.00', NULL),
(104, 8993200661299, '200.00', '3.50', '1.50', '25.00', '3.50', '7.00', '37.00', '11.00', '9.00', NULL),
(105, 8993200661336, '200.00', '3.50', '2.00', '25.00', '4.00', '7.00', '37.00', '11.00', '9.00', NULL),
(106, 8993200661350, '200.00', '3.50', '2.50', '25.00', '3.50', '7.00', '37.00', '11.00', '10.00', NULL),
(107, 8993200663064, '200.00', '3.50', '2.50', '25.00', '4.00', '7.00', '37.00', '11.00', '10.00', NULL),
(108, 8993200661312, '200.00', '3.50', '2.50', '25.00', '4.00', '7.00', '37.00', '11.00', '10.00', NULL),
(109, 8993200661305, '200.00', '3.50', '2.00', '25.00', '4.00', '7.00', '37.00', '11.00', '9.00', NULL),
(110, 8993200661343, '120.00', '2.40', '1.80', '14.40', '4.80', NULL, '20.40', NULL, NULL, NULL),
(111, 8993200666935, '120.00', '3.60', '2.40', '12.00', '3.60', NULL, '20.40', NULL, NULL, NULL),
(112, 8993200667406, '120.00', '3.60', '2.40', '14.40', '4.80', NULL, '20.40', NULL, NULL, NULL),
(113, 8996001601051, '130.00', '6.00', '4.00', '8.00', '8.00', '13.00', '11.00', '3.00', '21.00', NULL),
(114, 8997221581055, '100.00', '4.50', '2.00', '2.00', '1.00', '2.00', '13.00', '4.00', '9.00', NULL),
(115, 8992761166212, '112.00', '0.00', '0.00', '26.60', '0.00', NULL, '26.60', NULL, NULL, NULL),
(116, 8992761166205, '112.00', '0.00', '0.00', '26.60', '0.00', NULL, '26.60', NULL, NULL, NULL),
(117, 8992753018796, '130.00', '2.50', '0.00', '21.00', '6.00', '10.00', '22.00', '7.00', '0.00', NULL),
(118, 8996006858085, '84.00', '0.00', '0.00', '21.00', '0.00', NULL, '21.00', NULL, NULL, NULL),
(119, 8996006853387, '120.00', '0.00', '0.00', '30.00', '0.00', NULL, '30.00', '10.00', NULL, NULL),
(120, 8996006858160, '84.00', '0.00', '0.00', '21.00', '0.00', NULL, '21.00', NULL, NULL, NULL),
(121, 8996006858115, '84.00', '0.00', '0.00', '21.00', '0.00', NULL, '21.00', NULL, NULL, NULL),
(122, 8996006858320, '98.00', '0.00', '0.00', '22.40', '0.00', NULL, '22.40', NULL, NULL, NULL),
(123, 8996006853394, '120.00', '0.00', '0.00', '30.00', '0.00', NULL, '30.00', '10.00', NULL, NULL),
(124, 8996006853431, '120.00', '0.00', '0.00', '30.00', '0.00', NULL, '30.00', '10.00', NULL, NULL),
(125, 8886013700104, '70.00', '2.50', '1.00', '1.00', '1.00', '2.00', '10.00', '3.00', '6.00', NULL),
(126, 8992775315057, '500.00', '25.00', '12.50', '20.00', '5.00', NULL, '65.00', NULL, NULL, NULL),
(127, 8992775305126, '120.00', '5.25', '4.50', NULL, '1.50', NULL, '15.00', NULL, NULL, NULL),
(128, 8998866202893, '180.00', '5.00', '5.00', '19.00', '2.00', '4.00', '31.00', '10.00', '25.00', NULL),
(129, 8998866202978, '360.00', '18.00', '9.00', '4.50', '4.50', '4.50', '45.00', '13.50', '45.00', NULL),
(130, 8993027133207, '130.00', '7.00', '3.00', '1.00', '2.00', '3.00', '16.00', '5.00', '14.00', NULL),
(131, 8994504102327, '195.00', '9.00', '4.50', '10.50', '3.00', '4.50', '0.00', '0.00', '22.50', NULL),
(132, 89686821086, '120.00', '0.00', '0.00', '27.00', '0.00', '0.00', '22.80', '9.00', '0.00', NULL),
(133, 8993007007252, '60.00', '2.00', '1.00', '9.00', '2.00', '3.00', '9.00', '3.00', '6.00', NULL),
(134, 8993007007221, '60.00', '2.00', '1.50', '8.00', '2.00', '3.00', '9.00', '3.00', '6.00', NULL),
(135, 8993007007245, '60.00', '2.00', '1.00', '9.00', '2.00', '3.00', '9.00', '3.00', '6.00', NULL),
(136, 89686043130, '400.00', '18.00', '8.00', '8.00', '9.00', '15.00', '50.00', '15.00', '41.00', NULL),
(137, 89686010019, '330.00', '14.00', '6.00', '4.00', '7.00', '12.00', '44.00', '13.00', '32.00', NULL),
(138, 89686010026, '330.00', '14.00', '6.00', '4.00', '7.00', '12.00', '44.00', '13.00', '32.00', NULL),
(139, 89686010033, '340.00', '15.00', '7.00', '4.00', '8.00', '13.00', '44.00', '13.00', '34.00', NULL),
(140, 89686010057, '330.00', '14.00', '6.00', '4.00', '7.00', '12.00', '44.00', '13.00', '32.00', NULL),
(141, 89686010064, '350.00', '15.00', '7.00', '4.00', '8.00', '13.00', '46.00', '14.00', '34.00', NULL),
(142, 89686011016, '390.00', '17.00', '8.00', '8.00', '8.00', '13.00', '52.00', '16.00', '38.00', NULL),
(143, 89686011023, '420.00', '19.00', '9.00', '8.00', '9.00', '15.00', '54.00', '16.00', '43.00', NULL),
(144, 89686011030, '370.00', '16.00', '7.00', '8.00', '8.00', '13.00', '49.00', '15.00', '36.00', NULL),
(145, 89686011047, '430.00', '20.00', '9.00', '8.00', '9.00', '15.00', '54.00', '16.00', '45.00', NULL),
(146, 89686011054, '370.00', '16.00', '7.00', '8.00', '8.00', '13.00', '49.00', '15.00', '36.00', NULL),
(147, 89686011061, '390.00', '17.00', '8.00', '8.00', '8.00', '13.00', '52.00', '16.00', '38.00', NULL),
(148, 8997032210609, '110.00', '2.00', '1.00', '18.00', '5.00', NULL, '19.00', NULL, NULL, NULL),
(149, 8997032210616, '110.00', '2.00', '1.00', '18.00', '5.00', NULL, '19.00', NULL, NULL, NULL),
(150, 8850127002013, '180.00', '9.00', '6.00', '16.00', '2.00', '4.00', '22.00', '7.00', '31.00', NULL),
(151, 7622210355462, '450.00', '33.00', '19.50', '4.50', '30.00', '51.00', '6.00', '2.00', '99.00', NULL),
(152, 7622210431357, '465.00', '34.50', '21.00', '4.50', '31.50', '53.00', '6.00', '2.00', '105.00', NULL),
(153, 7622210431371, '465.00', '34.50', '21.00', '4.50', '31.50', '53.00', '6.00', '2.00', '105.00', NULL),
(154, 8992966111162, '300.00', '15.00', '6.00', '3.00', '3.00', '4.00', '39.00', '12.00', '30.00', NULL),
(155, 8992966111070, '300.00', '15.00', '6.00', '3.00', '3.00', '4.00', '39.00', '12.00', '30.00', NULL),
(156, 89686621034, '80.00', '5.00', '2.00', '1.00', '1.00', '2.00', '8.00', '2.00', '10.00', NULL);

DROP TABLE IF EXISTS `laporan_produk`;
CREATE TABLE `laporan_produk` (
  `id_laporan` int NOT NULL AUTO_INCREMENT,
  `user_id` int DEFAULT NULL,
  `barcode_id` bigint DEFAULT NULL,
  `alasan_laporan` text,
  `status_laporan` varchar(50) DEFAULT NULL,
  `tanggal_laporan` date DEFAULT NULL,
  PRIMARY KEY (`id_laporan`),
  KEY `user_id` (`user_id`),
  KEY `barcode_id` (`barcode_id`),
  CONSTRAINT `laporan_produk_ibfk_1` FOREIGN KEY (`user_id`) REFERENCES `user` (`user_id`) ON DELETE SET NULL,
  CONSTRAINT `laporan_produk_ibfk_2` FOREIGN KEY (`barcode_id`) REFERENCES `produk` (`barcode_id`) ON DELETE SET NULL
) ENGINE=InnoDB DEFAULT CHARSET=utf8mb4 COLLATE=utf8mb4_0900_ai_ci;

DROP TABLE IF EXISTS `perbandingan_gizi`;
CREATE TABLE `perbandingan_gizi` (
  `id_perbandingan` int NOT NULL AUTO_INCREMENT,
  `id_produk_1` bigint DEFAULT NULL,
  `id_produk_2` bigint DEFAULT NULL,
  `tanggal_perbandingan` date DEFAULT NULL,
  PRIMARY KEY (`id_perbandingan`),
  KEY `id_produk_1` (`id_produk_1`),
  KEY `id_produk_2` (`id_produk_2`),
  CONSTRAINT `perbandingan_gizi_ibfk_1` FOREIGN KEY (`id_produk_1`) REFERENCES `produk` (`barcode_id`) ON DELETE CASCADE,
  CONSTRAINT `perbandingan_gizi_ibfk_2` FOREIGN KEY (`id_produk_2`) REFERENCES `produk` (`barcode_id`) ON DELETE CASCADE
) ENGINE=InnoDB DEFAULT CHARSET=utf8mb4 COLLATE=utf8mb4_0900_ai_ci;

DROP TABLE IF EXISTS `produk`;
CREATE TABLE `produk` (
  `barcode_id` bigint NOT NULL,
  `id_kategori` int DEFAULT NULL,
  `nama_produk` varchar(150) NOT NULL,
  `ukuran_nilai` decimal(10,2) DEFAULT NULL,
  `ukuran_satuan` varchar(20) DEFAULT NULL,
  `tanggal_diubah` date DEFAULT NULL,
  `barcode_data` varchar(255) DEFAULT NULL,
  `barcode_url` text,
  `image_product_link` text,
  PRIMARY KEY (`barcode_id`),
  KEY `id_kategori` (`id_kategori`),
  CONSTRAINT `produk_ibfk_1` FOREIGN KEY (`id_kategori`) REFERENCES `kategori` (`id_kategori`) ON DELETE SET NULL
) ENGINE=InnoDB DEFAULT CHARSET=utf8mb4 COLLATE=utf8mb4_0900_ai_ci;

INSERT INTO `produk` VALUES (89686010019, 1, 'Indomie Kuah Ayam Bawang', '69.00', 'gr', '2025-09-08 00:00:00.000', NULL, NULL, NULL),
(89686010026, 1, 'Indomie Kuah Kaldu Ayam', '69.00', 'gr', '2025-09-08 00:00:00.000', NULL, NULL, NULL),
(89686010033, 1, 'Indomie Kuah Kari Ayam', '72.00', 'gr', '2025-09-08 00:00:00.000', NULL, NULL, NULL),
(89686010057, 1, 'Indomie Kuah Soto Mie', '70.00', 'gr', '2025-09-08 00:00:00.000', NULL, NULL, NULL),
(89686010064, 1, 'Indomie Kuah Soto Spesial', '75.00', 'gr', '2025-09-08 00:00:00.000', NULL, NULL, NULL),
(89686011016, 1, 'Indomie Mi Goreng', '85.00', 'gr', '2025-09-08 00:00:00.000', NULL, NULL, NULL),
(89686011023, 1, 'Indomie Mi Goreng Aceh', '90.00', 'gr', '2025-09-08 00:00:00.000', NULL, NULL, NULL),
(89686011030, 1, 'Indomie Mi Goreng Pedas', '79.00', 'gr', '2025-09-08 00:00:00.000', NULL, NULL, NULL),
(89686011047, 1, 'Indomie Mi Goreng Rendang', '91.00', 'gr', '2025-09-08 00:00:00.000', NULL, NULL, NULL),
(89686011054, 1, 'Indomie Mi Goreng Sate', '80.00', 'gr', '2025-09-08 00:00:00.000', NULL, NULL, NULL),
(89686011061, 1, 'Indomie Mi Goreng Spesial', '84.00', 'gr', '2025-09-08 00:00:00.000', NULL, NULL, NULL),
(89686043130, 1, 'Indomie Hype Abis Ayam Geprek', '85.00', 'gr', '2025-09-08 00:00:00.000', NULL, NULL, NULL),
(89686590043, 1, 'Chiki Balls Crafty Cheese', '55.00', 'gr', '2025-09-08 00:00:00.000', NULL, 'https://drive.google.com/file/d/1n9sIpFHQ7owfWtNExZPgqEp55E4yAjgC/view?usp=sharing', 'https://drive.google.com/file/d/1BFKrNm4__ksinmCk16zh6xns2Uty5m_o/view?usp=sharing'),
(89686591019, 1, 'Chiki Balls Curious Choco', '55.00', 'gr', '2025-09-08 00:00:00.000', NULL, 'https://drive.google.com/file/d/1pdPuhJg2CuO9yaEfY89V6RWc269yq_re/view?usp=sharing', 'https://drive.google.com/file/d/1sfo4IaKXcYDNrK_qNAdroSTVF6_ZWHZR/view?usp=sharing'),
(89686598018, 1, 'Chitato Sapi Panggang', '15.00', 'gr', '2025-09-08 00:00:00.000', NULL, 'https://drive.google.com/file/d/1FfNkL0AuHl__casldmepPcvfsq01hfPC/view?usp=drive_link', 'https://drive.google.com/file/d/1EnrbVJDIoK4lnYU2OVWTQ_N2F4aYy4TQ/view?usp=drive_link'),
(89686621034, 1, 'Lays Rumput Laut', '14.00', 'gr', '2025-09-08 00:00:00.000', NULL, NULL, NULL),
(89686732009, 1, 'Chitato Lite Rumput Laut', '14.00', 'gr', '2025-09-08 00:00:00.000', NULL, NULL, NULL),
(89686821086, 1, 'Ichi Ocha Teh Melati', '350.00', 'ml', '2025-09-08 00:00:00.000', NULL, NULL, NULL),
(7622210355462, 1, 'KRAFT All in One', '160.00', 'gr', '2025-09-08 00:00:00.000', NULL, NULL, NULL),
(7622210431357, 1, 'KRAFT Cheddar', '165.00', 'gr', '2025-09-08 00:00:00.000', NULL, NULL, NULL),
(7622210431371, 1, 'KRAFT Quick Melt', '165.00', 'gr', '2025-09-08 00:00:00.000', NULL, NULL, NULL),
(8850127002013, 1, 'KitKat 4 Finger', '35.00', 'gr', '2025-09-08 00:00:00.000', NULL, NULL, NULL),
(8886001026025, 1, 'Astor Chocolate', '150.00', 'gr', '2025-09-08 00:00:00.000', NULL, 'https://drive.google.com/file/d/1aFgErA7QTtcmMoAdD4eMgoc1YHaAorMg/view?usp=sharing', 'https://drive.google.com/file/d/1sv6fR4YTB2RoGJVzRRlgO8e3rxcGmpBN/view?usp=sharing'),
(8886013700104, 1, 'GEMEZ Enaak Snack Mi', '16.00', 'gr', '2025-09-08 00:00:00.000', NULL, NULL, NULL),
(8991001100055, 1, 'Ceres Festive', '22.00', 'gr', '2025-09-08 00:00:00.000', NULL, NULL, NULL),
(8991001100215, 1, 'Ceres Dark Choco', '22.00', 'gr', '2025-09-08 00:00:00.000', NULL, NULL, NULL),
(8991001100222, 1, 'Ceres Milk & Dark Choco', '22.00', 'gr', '2025-09-08 00:00:00.000', NULL, NULL, NULL),
(8991001100239, 1, 'Ceres Classic', '22.00', 'gr', '2025-09-08 00:00:00.000', NULL, NULL, NULL),
(8991001100345, 1, 'Ceres Milk', '22.00', 'gr', '2025-09-08 00:00:00.000', NULL, NULL, NULL),
(8991001780430, 1, 'Briko Milk Vanilla', '30.00', 'gr', '2025-09-08 00:00:00.000', NULL, 'https://drive.google.com/file/d/1EsIe4tdRz-a6_j8WbnJ0JTPy_7i_RZgn/view?usp=drive_link', 'https://drive.google.com/file/d/1EAYv-K7cV0xpk7UyAUVeDRYDHNYKj9qY/view?usp=drive_link'),
(8991001780447, 1, 'Cokelat Jago', '30.00', 'gr', '2025-09-08 00:00:00.000', NULL, NULL, NULL),
(8992753018796, 1, 'Frisian Flag Low Fat Belgian Chocolate', '225.00', 'ml', '2025-09-08 00:00:00.000', NULL, 'https://drive.google.com/file/d/1Ft9I4qoyVSctVniqQS2SMguUodxKBeYh/view?usp=drive_link', 'https://drive.google.com/file/d/1EaztVe0OYYBjrWR77lpJ80wNSb0MmPYh/view?usp=drive_link'),
(8992761166205, 1, 'Frestea Rasa Madu', '350.00', 'ml', '2025-09-08 00:00:00.000', NULL, NULL, NULL),
(8992761166212, 1, 'Frestea Rasa Apel', '350.00', 'ml', '2025-09-08 00:00:00.000', NULL, NULL, NULL),
(8992775005897, 1, 'Chocolatos RICH Coated Wafer Roll', '19.00', 'gr', '2025-09-08 00:00:00.000', NULL, NULL, NULL),
(8992775305126, 1, 'Gery Saluut Coconut', '19.00', 'gr', '2025-09-08 00:00:00.000', NULL, NULL, NULL),
(8992775315057, 1, 'Gery Saluut Chocolate', '100.00', 'gr', '2025-09-08 00:00:00.000', NULL, NULL, NULL),
(8992966111070, 1, 'Kusuka Keripik Singkong Rumput Laut', '60.00', 'gr', '2025-09-08 00:00:00.000', NULL, NULL, NULL),
(8992966111162, 1, 'Kusuka Keripik Singkong Ayam Lada Hitam', '60.00', 'gr', '2025-09-08 00:00:00.000', NULL, NULL, NULL),
(8993007007221, 1, 'INDOMILK Kids Yogurt Original', '70.00', 'gr', '2025-09-08 00:00:00.000', NULL, NULL, NULL),
(8993007007245, 1, 'INDOMILK Kids Yogurt Strawberry', '70.00', 'gr', '2025-09-08 00:00:00.000', NULL, NULL, NULL),
(8993007007252, 1, 'INDOMILK Kids Yogurt Banana Berries', '70.00', 'gr', '2025-09-08 00:00:00.000', NULL, NULL, NULL),
(8993027133207, 1, 'Happy Tos Original', '25.00', 'gr', '2025-09-08 00:00:00.000', NULL, 'https://drive.google.com/file/d/1FhMvcnmidcE46jMnsx-rD6a02_HgN5Qh/view?usp=drive_link', 'https://drive.google.com/file/d/1Da-cBjvozTV1WWE566r-0GckRsn8-3tg/view?usp=drive_link'),
(8993200661299, 1, 'Cimory Yogurt Drink Lychee', '240.00', 'ml', '2025-09-08 00:00:00.000', NULL, NULL, NULL),
(8993200661305, 1, 'Cimory Yogurt Drink Strawberry', '240.00', 'ml', '2025-09-08 00:00:00.000', NULL, NULL, NULL),
(8993200661312, 1, 'Cimory Yogurt Drink Red Grape', '240.00', 'ml', '2025-09-08 00:00:00.000', NULL, NULL, NULL),
(8993200661336, 1, 'Cimory Yogurt Drink Manggo', '240.00', 'ml', '2025-09-08 00:00:00.000', NULL, NULL, NULL),
(8993200661343, 1, 'Cimory Yogurt Mango Sticky Rice', '120.00', 'gr', '2025-09-08 00:00:00.000', NULL, NULL, NULL),
(8993200661350, 1, 'Cimory Yogurt Drink Mixed Fruit', '240.00', 'ml', '2025-09-08 00:00:00.000', NULL, NULL, NULL),
(8993200661657, 1, 'Cimory Yogurt Drink Blueberry', '240.00', 'ml', '2025-09-08 00:00:00.000', NULL, NULL, NULL),
(8993200663064, 1, 'Cimory Yogurt Drink Original', '240.00', 'ml', '2025-09-08 00:00:00.000', NULL, NULL, NULL),
(8993200664993, 1, 'Cimory Yogurt Drink Low Fat Banana', '240.00', 'ml', '2025-09-08 00:00:00.000', NULL, NULL, NULL),
(8993200665006, 1, 'Cimory Yogurt Drink Low Fat Strawberry & Mango', '240.00', 'ml', '2025-09-08 00:00:00.000', NULL, NULL, NULL),
(8993200665013, 1, 'Cimory Yogurt Drink Low Fat Blueberry', '240.00', 'ml', '2025-09-08 00:00:00.000', NULL, NULL, NULL),
(8993200666935, 1, 'Cimory Yogurt Original', '120.00', 'gr', '2025-09-08 00:00:00.000', NULL, NULL, NULL),
(8993200667406, 1, 'Cimory Yogurt Peach', '120.00', 'gr', '2025-09-08 00:00:00.000', NULL, NULL, NULL),
(8993200668335, 1, 'Cimory Yogurt Brown Sugar', '120.00', 'gr', '2025-09-08 00:00:00.000', NULL, NULL, NULL),
(8994504102327, 1, 'Hello Panda Strawberry', '25.00', 'gr', '2025-09-08 00:00:00.000', NULL, 'https://drive.google.com/file/d/1Eqpt2GJ2AhzqaV5xe8u19hq9eGNM6MiL/view?usp=drive_link', 'https://drive.google.com/file/d/1E09prJhImGNtSqgEQDAWPduj8U1L5okH/view?usp=drive_link'),
(8996001300251, 1, 'Energen Vanilla', '30.00', 'gr', '2025-09-08 00:00:00.000', NULL, NULL, NULL),
(8996001300268, 1, 'Energen Cereal', '29.00', 'gr', '2025-09-08 00:00:00.000', NULL, NULL, NULL),
(8996001300275, 1, 'Energen Cokelat', '30.00', 'gr', '2025-09-08 00:00:00.000', NULL, NULL, NULL),
(8996001300282, 1, 'Energen Hijau', '30.00', 'gr', '2025-09-08 00:00:00.000', NULL, NULL, NULL),
(8996001300299, 1, 'Energen Jahe', '30.00', 'gr', '2025-09-08 00:00:00.000', NULL, NULL, NULL),
(8996001300305, 1, 'Energen Jagung', '30.00', 'gr', '2025-09-08 00:00:00.000', NULL, NULL, NULL),
(8996001300312, 1, 'Energen Pandan', '30.00', 'gr', '2025-09-08 00:00:00.000', NULL, NULL, NULL),
(8996001300329, 1, 'Energen Pisang', '30.00', 'gr', '2025-09-08 00:00:00.000', NULL, NULL, NULL),
(8996001300336, 1, 'Energen Strawberry', '30.00', 'gr', '2025-09-08 00:00:00.000', NULL, NULL, NULL),
(8996001300343, 1, 'Energen Jahe Instan', '30.00', 'gr', '2025-09-08 00:00:00.000', NULL, NULL, NULL),
(8996001300794, 1, 'Energen Oat Milk', '30.00', 'gr', '2025-09-08 00:00:00.000', NULL, NULL, NULL),
(8996001300800, 1, 'Energen Go Fruit', '30.00', 'gr', '2025-09-08 00:00:00.000', NULL, NULL, NULL),
(8996001300817, 1, 'Energen Go Fruit Strawberry', '30.00', 'gr', '2025-09-08 00:00:00.000', NULL, NULL, NULL),
(8996001301012, 1, 'Energen Champion', '30.00', 'gr', '2025-09-08 00:00:00.000', NULL, NULL, NULL),
(8996001301036, 1, 'Energen Kurma', '30.00', 'gr', '2025-09-08 00:00:00.000', NULL, NULL, NULL),
(8996001301043, 1, 'Energen Champion (isi 10)', '300.00', 'gr', '2025-09-08 00:00:00.000', NULL, NULL, NULL),
(8996001301050, 1, 'Energen Champion (isi 5)', '150.00', 'gr', '2025-09-08 00:00:00.000', NULL, NULL, NULL),
(8996001301067, 1, 'Energen Kurma (isi 10)', '300.00', 'gr', '2025-09-08 00:00:00.000', NULL, NULL, NULL),
(8996001301074, 1, 'Energen Kurma (isi 5)', '150.00', 'gr', '2025-09-08 00:00:00.000', NULL, NULL, NULL),
(8996001301081, 1, 'Energen Cokelat (isi 10)', '300.00', 'gr', '2025-09-08 00:00:00.000', NULL, NULL, NULL),
(8996001301098, 1, 'Energen Cokelat (isi 5)', '150.00', 'gr', '2025-09-08 00:00:00.000', NULL, NULL, NULL),
(8996001301104, 1, 'Energen Vanilla (isi 10)', '300.00', 'gr', '2025-09-08 00:00:00.000', NULL, NULL, NULL),
(8996001301111, 1, 'Energen Vanilla (isi 5)', '150.00', 'gr', '2025-09-08 00:00:00.000', NULL, NULL, NULL),
(8996001301128, 1, 'Energen Kacang Hijau (isi 10)', '300.00', 'gr', '2025-09-08 00:00:00.000', NULL, NULL, NULL),
(8996001301135, 1, 'Energen Kacang Hijau (isi 5)', '150.00', 'gr', '2025-09-08 00:00:00.000', NULL, NULL, NULL),
(8996001301142, 1, 'Energen Jagung (isi 10)', '300.00', 'gr', '2025-09-08 00:00:00.000', NULL, NULL, NULL),
(8996001301159, 1, 'Energen Jagung (isi 5)', '150.00', 'gr', '2025-09-08 00:00:00.000', NULL, NULL, NULL),
(8996001301166, 1, 'Energen Jahe (isi 10)', '300.00', 'gr', '2025-09-08 00:00:00.000', NULL, NULL, NULL),
(8996001301173, 1, 'Energen Jahe (isi 5)', '150.00', 'gr', '2025-09-08 00:00:00.000', NULL, NULL, NULL),
(8996001301180, 1, 'Energen Cereal (isi 10)', '290.00', 'gr', '2025-09-08 00:00:00.000', NULL, NULL, NULL),
(8996001301197, 1, 'Energen Cereal (isi 5)', '145.00', 'gr', '2025-09-08 00:00:00.000', NULL, NULL, NULL),
(8996001301203, 1, 'Energen Oat Milk (isi 10)', '300.00', 'gr', '2025-09-08 00:00:00.000', NULL, NULL, NULL),
(8996001301210, 1, 'Energen Oat Milk (isi 5)', '150.00', 'gr', '2025-09-08 00:00:00.000', NULL, NULL, NULL),
(8996001301227, 1, 'Energen Go Fruit (isi 10)', '300.00', 'gr', '2025-09-08 00:00:00.000', NULL, NULL, NULL),
(8996001301234, 1, 'Energen Go Fruit (isi 5)', '150.00', 'gr', '2025-09-08 00:00:00.000', NULL, NULL, NULL),
(8996001301241, 1, 'Energen Go Fruit Strawberry (isi 10)', '300.00', 'gr', '2025-09-08 00:00:00.000', NULL, NULL, NULL),
(8996001301258, 1, 'Energen Go Fruit Strawberry (isi 5)', '150.00', 'gr', '2025-09-08 00:00:00.000', NULL, NULL, NULL),
(8996001301265, 1, 'Energen Pandan (isi 10)', '300.00', 'gr', '2025-09-08 00:00:00.000', NULL, NULL, NULL),
(8996001301272, 1, 'Energen Pandan (isi 5)', '150.00', 'gr', '2025-09-08 00:00:00.000', NULL, NULL, NULL),
(8996001301289, 1, 'Energen Pisang (isi 10)', '300.00', 'gr', '2025-09-08 00:00:00.000', NULL, NULL, NULL),
(8996001301296, 1, 'Energen Pisang (isi 5)', '150.00', 'gr', '2025-09-08 00:00:00.000', NULL, NULL, NULL),
(8996001301302, 1, 'Energen Strawberry (isi 10)', '300.00', 'gr', '2025-09-08 00:00:00.000', NULL, NULL, NULL),
(8996001301319, 1, 'Energen Strawberry (isi 5)', '150.00', 'gr', '2025-09-08 00:00:00.000', NULL, NULL, NULL),
(8996001301326, 1, 'Energen Jahe Instan (isi 10)', '300.00', 'gr', '2025-09-08 00:00:00.000', NULL, NULL, NULL),
(8996001301333, 1, 'Energen Jahe Instan (isi 5)', '150.00', 'gr', '2025-09-08 00:00:00.000', NULL, NULL, NULL),
(8996001303726, 1, 'Danisa Choco Cashew', '90.00', 'gr', '2025-09-08 00:00:00.000', NULL, NULL, NULL),
(8996001303733, 1, 'Danisa Raisin', '90.00', 'gr', '2025-09-08 00:00:00.000', NULL, NULL, NULL),
(8996001303818, 1, 'Danisa (isi 5)', '70.00', 'gr', '2025-09-08 00:00:00.000', NULL, NULL, NULL),
(8996001303863, 1, 'Danisa Butter Cookies', '454.00', 'gr', '2025-09-08 00:00:00.000', NULL, NULL, NULL),
(8996001303870, 1, 'Kopiko', '150.00', 'gr', '2025-09-08 00:00:00.000', NULL, NULL, NULL),
(8996001303887, 1, 'Kopiko Cappuccino', '150.00', 'gr', '2025-09-08 00:00:00.000', NULL, NULL, NULL),
(8996001303894, 1, 'Kopiko Blister', '24.00', 'gr', '2025-09-08 00:00:00.000', NULL, NULL, NULL),
(8996001303900, 1, 'Kopiko Cappuccino Blister', '24.00', 'gr', '2025-09-08 00:00:00.000', NULL, NULL, NULL),
(8996001303917, 1, 'Kopiko (isi 50)', '150.00', 'gr', '2025-09-08 00:00:00.000', NULL, NULL, NULL),
(8996001303924, 1, 'Kopiko Cappuccino (isi 50)', '150.00', 'gr', '2025-09-08 00:00:00.000', NULL, NULL, NULL),
(8996001304211, 1, 'Malkist Crackers', '135.00', 'gr', '2025-09-08 00:00:00.000', NULL, NULL, NULL),
(8996001304228, 1, 'Danisa Butter Cookies', '90.00', 'gr', '2025-09-08 00:00:00.000', NULL, NULL, NULL),
(8996001304235, 1, 'Malkist Abon', '135.00', 'gr', '2025-09-08 00:00:00.000', NULL, NULL, NULL),
(8996001304242, 1, 'Malkist Seaweed', '135.00', 'gr', '2025-09-08 00:00:00.000', NULL, NULL, NULL),
(8996001304259, 1, 'Malkist Chocolate', '135.00', 'gr', '2025-09-08 00:00:00.000', NULL, NULL, NULL),
(8996001304266, 1, 'Malkist Cheese', '135.00', 'gr', '2025-09-08 00:00:00.000', NULL, NULL, NULL),
(8996001304273, 1, 'Malkist Cappuccino', '135.00', 'gr', '2025-09-08 00:00:00.000', NULL, NULL, NULL),
(8996001304280, 1, 'Malkist Coconut', '135.00', 'gr', '2025-09-08 00:00:00.000', NULL, NULL, NULL),
(8996001304297, 1, 'Malkist Crackers', '27.00', 'gr', '2025-09-08 00:00:00.000', NULL, NULL, NULL),
(8996001304303, 1, 'Malkist Abon', '27.00', 'gr', '2025-09-08 00:00:00.000', NULL, NULL, NULL),
(8996001304310, 1, 'Malkist Seaweed', '27.00', 'gr', '2025-09-08 00:00:00.000', NULL, NULL, NULL),
(8996001304327, 1, 'Malkist Chocolate', '27.00', 'gr', '2025-09-08 00:00:00.000', NULL, NULL, NULL),
(8996001304334, 1, 'Malkist Cheese', '27.00', 'gr', '2025-09-08 00:00:00.000', NULL, NULL, NULL),
(8996001304341, 1, 'Malkist Cappuccino', '27.00', 'gr', '2025-09-08 00:00:00.000', NULL, NULL, NULL),
(8996001305416, 1, 'Danisa (isi 2)', '200.00', 'gr', '2025-09-08 00:00:00.000', NULL, NULL, NULL),
(8996001307045, 1, 'Choki-stix', '27.00', 'gr', '2025-09-08 00:00:00.000', NULL, NULL, NULL),
(8996001307779, 1, 'Choki-choki Cokelat', '10.00', 'gr', '2025-09-08 00:00:00.000', NULL, NULL, NULL),
(8996001308363, 1, 'Choki-Choki', '10.00', 'gr', '2025-09-08 00:00:00.000', NULL, NULL, NULL),
(8996001308370, 1, 'Choki-choki Cokelat (isi 5)', '50.00', 'gr', '2025-09-08 00:00:00.000', NULL, NULL, NULL),
(8996001309322, 1, 'Choki-choki Chococashew', '10.00', 'gr', '2025-09-08 00:00:00.000', NULL, NULL, NULL),
(8996001313695, 1, 'Apetito BBQ', '18.50', 'gr', '2025-09-08 00:00:00.000', NULL, 'https://drive.google.com/file/d/1FBDah8Rg-iLtL-HAyhNsra4p3FdhZCJ2/view?usp=drive_link', 'https://drive.google.com/file/d/1Dx-hXT91ghuvz4xrSoCGjwOOwIJ8CY0h/view?usp=drive_link'),
(8996001317020, 1, 'Better Sandwich Biscuit', '27.00', 'gr', '2025-09-08 00:00:00.000', NULL, 'https://drive.google.com/file/d/1FEXRxJ8emnfW1D0J2_IKNGTzMfvgqzdn/view?usp=drive_link', 'https://drive.google.com/file/d/1DwkgQJTCHBY5WZsyKczP-yPlRTp_6frX/view?usp=drive_link'),
(8996001355756, 1, 'beng-beng Maxx', '32.00', 'gr', '2025-09-08 00:00:00.000', NULL, NULL, NULL),
(8996001601051, 1, 'Collagen Susu Steril', '189.00', 'ml', '2025-09-08 00:00:00.000', NULL, 'https://drive.google.com/file/d/1FnUexuMLAKvpqYF8JOE-dPqQqcjnruUh/view?usp=drive_link', 'https://drive.google.com/file/d/1ElTfDKUrXKEOZaEGknI5KwwfLcDhX2Nj/view?usp=drive_link'),
(8996006853387, 1, 'Fruit Tea Apel', '500.00', 'ml', '2025-09-08 00:00:00.000', NULL, NULL, NULL),
(8996006853394, 1, 'Fruit Tea Stroberi', '500.00', 'ml', '2025-09-08 00:00:00.000', NULL, NULL, NULL),
(8996006853431, 1, 'Fruit Tea X-Treme Apel & Blackcurrant', '500.00', 'ml', '2025-09-08 00:00:00.000', NULL, NULL, NULL),
(8996006858085, 1, 'Fruit Tea Apel', '350.00', 'ml', '2025-09-08 00:00:00.000', NULL, NULL, NULL),
(8996006858115, 1, 'Fruit Tea Freeze Stroberi & Anggur', '350.00', 'ml', '2025-09-08 00:00:00.000', NULL, NULL, NULL),
(8996006858160, 1, 'Fruit Tea Blackcurrant', '350.00', 'ml', '2025-09-08 00:00:00.000', NULL, NULL, NULL),
(8996006858320, 1, 'Fruit Tea Lemon', '350.00', 'ml', '2025-09-08 00:00:00.000', NULL, NULL, NULL),
(8997032210609, 1, 'KIN Bulgarian Yogurt Original', '200.00', 'ml', '2025-09-08 00:00:00.000', NULL, NULL, NULL),
(8997032210616, 1, 'KIN Bulgarian Yogurt Strawberry', '200.00', 'ml', '2025-09-08 00:00:00.000', NULL, NULL, NULL),
(8997221581055, 1, 'French Fries Original', '65.00', 'gr', '2025-09-08 00:00:00.000', NULL, 'https://drive.google.com/file/d/1Fwt3U6QoJU_rZQGT-uLZQzPxXxcKq_1D/view?usp=drive_link', 'https://drive.google.com/file/d/1Eol_8hWxvyJM_iXpBuvegJ70OlfVFYGw/view?usp=drive_link'),
(8998009020193, 1, 'Buavita Mangga', '245.00', 'ml', '2025-09-08 00:00:00.000', NULL, NULL, NULL),
(8998694120208, 1, 'Choco Mania', '69.00', 'gr', '2025-09-08 00:00:00.000', NULL, NULL, NULL),
(8998866202893, 1, 'GOLDA Coffee Cappuccino', '200.00', 'ml', '2025-09-08 00:00:00.000', NULL, NULL, NULL),
(8998866202978, 1, 'GuriBee Layers', '15.00', 'gr', '2025-09-08 00:00:00.000', NULL, 'https://drive.google.com/file/d/1F1oiaUOjaKDtITFmyoh20WkCfcpIXd2i/view?usp=drive_link', 'https://drive.google.com/file/d/1EH5EGLRrPY3awwry-hVhRlJlL9JpcDsL/view?usp=drive_link');

DROP TABLE IF EXISTS `riwayat_pencarian`;
CREATE TABLE `riwayat_pencarian` (
  `id_riwayat` int NOT NULL AUTO_INCREMENT,
  `barcode_id` bigint DEFAULT NULL,
  `teks_pencarian` varchar(255) DEFAULT NULL,
  `peramban` varchar(100) DEFAULT NULL,
  `alamat_ip` varchar(50) DEFAULT NULL,
  `tanggal_pencarian` timestamp NULL DEFAULT CURRENT_TIMESTAMP,
  PRIMARY KEY (`id_riwayat`),
  KEY `barcode_id` (`barcode_id`),
  CONSTRAINT `riwayat_pencarian_ibfk_1` FOREIGN KEY (`barcode_id`) REFERENCES `produk` (`barcode_id`) ON DELETE SET NULL
) ENGINE=InnoDB DEFAULT CHARSET=utf8mb4 COLLATE=utf8mb4_0900_ai_ci;

DROP TABLE IF EXISTS `ulasan`;
CREATE TABLE `ulasan` (
  `id_ulasan` int NOT NULL AUTO_INCREMENT,
  `user_id` int DEFAULT NULL,
  `barcode_id` bigint DEFAULT NULL,
  `komentar` text,
  `rating` decimal(2,1) DEFAULT NULL,
  `tanggal_ulasan` date DEFAULT NULL,
  PRIMARY KEY (`id_ulasan`),
  KEY `user_id` (`user_id`),
  KEY `barcode_id` (`barcode_id`),
  CONSTRAINT `ulasan_ibfk_1` FOREIGN KEY (`user_id`) REFERENCES `user` (`user_id`) ON DELETE SET NULL,
  CONSTRAINT `ulasan_ibfk_2` FOREIGN KEY (`barcode_id`) REFERENCES `produk` (`barcode_id`) ON DELETE CASCADE
) ENGINE=InnoDB DEFAULT CHARSET=utf8mb4 COLLATE=utf8mb4_0900_ai_ci;

DROP TABLE IF EXISTS `user`;
CREATE TABLE `user` (
  `user_id` int NOT NULL AUTO_INCREMENT,
  `nama` varchar(100) NOT NULL,
  `email` varchar(100) NOT NULL,
  `password` varchar(255) NOT NULL,
  `tanggal_daftar` date DEFAULT NULL,
  `role` varchar(50) NOT NULL DEFAULT 'user',
  PRIMARY KEY (`user_id`),
  UNIQUE KEY `email` (`email`)
) ENGINE=InnoDB AUTO_INCREMENT=6 DEFAULT CHARSET=utf8mb4 COLLATE=utf8mb4_0900_ai_ci;

INSERT INTO `user` VALUES (1, 'Admin Account', 'admin@nutriscan.id', 'admin_password123', '2025-11-05 00:00:00.000', 'admin'),
(2, 'Regular User', 'user@nutriscan.id', 'user_password123', '2025-11-05 00:00:00.000', 'user'),
(3, 'indra', 'indra@gmail.com', '$2b$10$59kvwws6YUNAJe1Bnj.jnewXuym7oYcGx4Yh915eKIAIBBkHYW7A6', NULL, 'user'),
(4, 'putra', '123@gmail.com', '$2b$10$luGkAZBB.6PFzwuzkkyYXeXQxW07STsgT.fyd6/RKh4FFXcJ3JWNG', NULL, 'user'),
(5, 'indra', 'awok@gmail.com', '$2b$10$TqKTg/h..LRdRE7VlO6vruNnHRNZ7r30BXIBTFPWiAyQBOZZiTKFy', NULL, 'user');

